ID,SpeakerNr,SpeechRate,NrofNuclei,NrofSafe,SpeechTime,TotNuclDur,TotInternuclDur,TotPauseDur,PropPhon,PropPause,F0MedianHz,F0MedianInST,F0MeanHz,F0MeanInST,F0StdevHz,PitchMeanST,PitchStdevST,PitchRange,PitchTopST,PitchBottomST,PitchTopHz,PitchBottomHz,RawF0_p02,RawF0_p25,RawF0_p50,RawF0_p75,RawF0_p98,RawF0_mean,PropLevel,Gliss,Rises,Falls,TrajIntra,TrajInter,TrajPhon,TrajIntraZ,TrajInterZ,TrajPhonZ,NuclDurMean,NuclDurStdev,nPVI_nucldur,nPVI_voweldur,nPVI_sylldur,NuclDurMedian
SPC07,1,5.786,659,659,175.074,40.035,73.86,61.179,65.06,34.94,256,96.0,268,96.8,59.965,96.52,3.745,14.2,104.2,90.0,412.1,181.0,181,222,256,307,412,268,93.2,4.4,2.4,2.1,5.46,20.97,15.51,1.46,5.6,4.14,0.0608,0.0312,45.27,37.29,0,0.055
BRE07,1,5.1,550,550,179.483,43.345,64.49,71.648,60.08,39.92,288,98.0,291,98.2,52.922,97.97,3.105,11.8,103.7,91.9,399.0,201.5,202,251,288,326,399,291,91.1,2.7,1.5,1.3,3.98,13.96,9.95,1.28,4.5,3.2,0.0788,0.0416,51.57,43.61,0,0.07
LDV09,1,5.801,579,579,176.83,31.765,68.05,77.015,56.45,43.55,128,84.0,138,85.3,36.083,84.87,3.943,16.2,94.8,78.7,239.0,94.0,94,114,128,153,239,138,90.7,6.9,5.0,1.9,9.96,19.46,16.44,2.53,4.93,4.17,0.0549,0.0299,48.9,41.87,0,0.045
ALS08,1,6.007,742,742,178.493,42.31,81.218,54.965,69.21,30.79,251,95.7,256,96.0,49.294,95.78,3.104,14.0,102.8,88.8,379.8,169.2,169,224,251,281,380,256,90.6,7.1,4.6,2.6,10.02,19.28,16.11,3.23,6.21,5.19,0.057,0.0278,43.51,33.42,0,0.05
BRE02,1,5.769,586,586,177.684,36.655,64.915,76.114,57.16,42.84,244,95.2,258,96.1,55.269,95.81,3.428,13.3,103.6,90.4,398.0,184.9,185,218,244,286,398,258,89.4,5.1,3.4,1.7,7.49,20.68,15.92,2.19,6.03,4.64,0.0626,0.0367,50.92,44.83,0,0.0525
UCA04,1,6.531,612,612,168.274,29.865,63.835,74.574,55.68,44.32,248,95.4,261,96.4,68.124,95.98,4.188,16.8,105.3,88.5,438.0,166.0,166,212,248,294,438,261,90.0,7.7,6.4,1.3,12.02,21.61,18.56,2.87,5.16,4.43,0.0488,0.0279,48.1,41.31,0,0.04
GRE13,1,6.036,584,584,181.446,31.265,65.495,84.686,53.33,46.67,121,83.0,127,83.9,27.063,83.59,3.423,13.8,91.5,77.7,197.3,89.0,89,108,121,141,197,127,94.2,2.7,2.2,0.7,4.67,21.67,16.18,1.37,6.33,4.73,0.0535,0.0339,50.01,44.22,0,0.045
SPC10,1,6.057,628,628,170.285,32.415,71.275,66.595,60.89,39.11,173,89.2,180,89.9,40.581,89.63,3.731,14.9,97.7,82.8,282.4,119.6,120,151,173,204,282,180,93.5,4.9,2.9,2.1,7.0,22.78,17.84,1.88,6.1,4.78,0.0516,0.0231,45.77,37.44,0,0.05
BOD06,1,5.956,605,605,172.895,32.43,69.15,71.315,58.75,41.25,210,92.6,220,93.4,39.94,93.19,2.986,11.6,99.7,88.2,317.3,162.7,163,190,210,245,317,220,94.2,2.6,2.1,0.5,4.49,18.47,14.01,1.5,6.19,4.69,0.0536,0.0255,46.96,39.68,0,0.05
GRE04,1,6.824,411,411,175.869,21.075,39.155,115.639,34.25,65.75,129,84.1,135,85.0,33.296,84.55,3.996,15.7,93.4,77.7,220.0,89.0,89,111,129,153,220,135,93.9,3.4,2.2,1.2,6.37,24.46,18.13,1.59,6.12,4.54,0.0513,0.0376,53.62,51.63,0,0.04
BOD15,1,6.456,709,709,180.874,34.89,74.935,71.049,60.72,39.28,131,84.4,139,85.5,36.306,85.06,4.265,16.7,94.4,77.7,233.1,88.9,89,113,131,157,233,139,95.8,2.8,2.0,0.8,4.39,28.47,20.82,1.03,6.68,4.88,0.0492,0.0317,45.44,38.92,0,0.045
GRE05,1,6.496,667,667,179.382,38.72,63.955,76.707,57.24,42.76,268,96.8,280,97.6,52.434,97.3,3.044,12.2,104.1,91.9,409.8,202.0,202,244,268,307,410,280,92.4,4.5,3.1,1.5,6.75,20.31,15.2,2.22,6.67,4.99,0.0581,0.0389,47.66,40.44,0,0.05
SOU10,1,6.182,619,619,162.453,32.13,68.003,62.32,61.64,38.36,145,86.2,152,86.9,33.803,86.65,3.715,14.4,94.5,80.1,234.7,102.0,102,126,145,172,235,152,93.1,4.2,2.7,1.5,6.33,25.86,19.59,1.7,6.96,5.27,0.0519,0.0246,47.3,34.83,0,0.045
LOR04,1,5.724,496,496,179.407,30.14,56.51,92.757,48.3,51.7,144,86.0,153,87.1,37.285,86.77,3.902,14.8,95.2,80.4,245.0,104.0,104,126,144,176,245,153,88.1,6.0,2.0,4.2,9.16,20.78,16.74,2.35,5.33,4.29,0.0608,0.0465,56.73,52.11,0,0.045
PES07,1,5.56,663,663,175.946,41.245,78.006,56.695,67.78,32.22,287,98.0,295,98.5,56.16,98.35,3.191,13.9,104.8,90.8,425.0,190.0,190,255,287,333,425,295,86.7,9.7,4.4,5.3,10.71,21.98,18.08,3.36,6.89,5.67,0.0622,0.0339,53.22,43.74,0,0.055
NOR06,1,6.59,557,557,177.757,29.0,55.52,93.237,47.55,52.45,208,92.4,222,93.5,52.434,93.18,3.682,15.3,102.4,87.1,370.2,152.8,153,186,208,245,370,222,94.1,4.3,2.9,1.4,6.35,25.11,18.67,1.72,6.82,5.07,0.0521,0.0307,46.73,39.67,0,0.045
UPS09,1,6.022,547,547,164.958,33.83,57.01,74.118,55.07,44.93,283,97.7,285,97.9,62.023,97.54,3.79,14.9,104.6,89.7,420.6,178.0,178,235,283,329,421,285,91.2,2.6,1.8,0.9,4.97,21.3,15.22,1.31,5.62,4.02,0.0618,0.0394,56.13,46.32,0,0.05
BFC02,1,6.113,656,656,171.457,32.065,75.24,64.152,62.58,37.42,151,86.9,162,88.0,41.787,87.59,4.186,16.1,96.9,80.7,269.3,106.0,106,130,151,185,269,162,93.4,3.5,2.3,1.2,5.71,23.86,18.43,1.36,5.7,4.4,0.0489,0.026,49.19,41.1,0,0.04
ALS09,1,5.844,593,593,174.076,34.94,66.536,72.6,58.29,41.71,204,92.1,220,93.4,55.957,92.93,3.94,16.3,102.7,86.4,376.8,147.0,147,181,204,245,377,220,89.2,6.4,4.0,2.4,9.02,22.68,17.98,2.29,5.76,4.56,0.0589,0.0362,54.03,43.27,0,0.05
OCM03,1,6.598,613,613,174.49,30.735,62.165,81.59,53.24,46.76,218,93.2,228,94.0,47.203,93.64,3.336,13.2,100.9,87.8,340.0,159.0,159,195,218,256,340,228,95.4,2.4,2.3,0.2,4.16,19.33,14.31,1.25,5.79,4.29,0.0501,0.0207,43.09,35.96,0,0.05
CFE02,1,5.842,445,445,173.099,24.795,51.38,96.924,44.01,55.99,236,94.6,243,95.1,51.708,94.76,3.459,14.8,102.4,87.6,371.4,158.0,158,206,236,272,371,243,92.4,2.2,0.7,1.6,4.32,20.46,15.21,1.25,5.92,4.4,0.0557,0.0374,53.28,43.11,0,0.045
UPS10,1,5.956,647,647,174.945,38.01,70.625,66.31,62.1,37.9,237,94.7,247,95.4,47.293,95.13,2.96,11.3,101.8,90.4,357.0,185.4,185,215,237,272,357,247,94.0,4.2,2.9,1.2,5.25,20.68,15.28,1.77,6.98,5.16,0.0587,0.0307,46.6,37.63,0,0.055
CFE03,1,6.155,587,587,175.698,30.04,65.325,80.333,54.28,45.72,240,94.9,250,95.6,52.01,95.24,3.403,14.0,102.6,88.6,374.1,167.0,167,213,240,279,374,250,92.7,2.6,1.2,1.4,4.7,18.56,14.19,1.38,5.45,4.17,0.0512,0.0325,50.57,45.97,0,0.04
OCM13,1,5.999,398,398,149.829,21.79,44.559,83.48,44.28,55.72,240,94.9,245,95.3,62.317,94.89,4.319,18.0,103.8,85.8,401.6,142.0,142,201,240,282,402,245,89.9,6.3,2.5,3.8,8.52,19.35,15.79,1.97,4.48,3.66,0.0547,0.0314,49.48,43.06,0,0.045
HES02,1,6.182,618,618,180.329,28.885,71.08,80.364,55.43,44.57,180,89.9,188,90.7,45.17,90.32,4.002,15.8,99.0,83.2,303.6,122.0,122,154,180,213,304,188,93.0,5.0,2.9,2.1,7.33,26.68,21.09,1.83,6.67,5.27,0.0467,0.0211,42.99,37.9,0,0.04
LDV07,1,6.477,481,481,179.538,24.12,50.14,105.278,41.36,58.64,107,80.9,113,81.9,22.369,81.66,3.169,12.3,89.0,76.7,171.0,84.0,84,97,107,125,171,113,92.9,4.2,3.3,0.8,6.5,18.59,14.67,2.05,5.87,4.63,0.0501,0.0297,51.82,44.93,0,0.04
BFC10,1,6.004,539,539,177.054,28.435,61.334,87.285,50.7,49.3,258,96.1,268,96.8,56.415,96.41,3.517,14.0,103.8,89.8,400.9,179.0,179,225,258,301,401,268,88.5,9.8,8.3,1.5,12.71,25.23,21.27,3.61,7.17,6.05,0.0528,0.0276,48.38,38.41,0,0.045
PES02,1,6.192,593,593,175.781,30.58,65.186,80.015,54.48,45.52,123,83.3,131,84.4,31.454,84.09,3.524,14.4,93.5,79.0,221.0,96.0,96,112,123,141,221,131,89.5,7.6,6.7,0.8,10.55,22.3,18.55,2.99,6.33,5.26,0.0516,0.0295,52.9,44.87,0,0.04
ALS06,1,6.168,736,736,174.373,38.345,80.975,55.053,68.43,31.57,186,90.5,197,91.5,39.914,91.17,3.136,12.7,99.5,86.9,314.1,151.0,151,171,186,213,314,197,95.1,3.3,3.1,0.1,4.73,17.66,13.5,1.51,5.63,4.31,0.0521,0.0268,44.72,39.3,0,0.045
SPC04,1,6.359,635,635,167.251,33.4,66.465,67.386,59.71,40.29,165,88.4,170,88.9,39.755,88.53,4.002,15.0,96.2,81.2,259.1,108.9,109,138,165,196,259,170,92.6,3.6,0.9,2.7,6.12,23.77,17.87,1.53,5.94,4.47,0.0526,0.0264,48.28,39.76,0,0.05
BRE03,1,6.283,704,704,175.958,32.335,79.705,63.919,63.67,36.33,230,94.1,242,95.0,56.887,94.65,3.807,15.6,103.4,87.8,393.0,159.7,160,201,230,270,393,242,95.7,3.1,2.0,1.1,5.14,21.65,16.88,1.35,5.69,4.43,0.0459,0.0214,44.03,36.82,0,0.04
GRE01,1,6.06,608,608,176.307,34.49,65.845,75.972,56.91,43.09,275,97.2,273,97.1,76.175,96.49,4.897,18.7,104.5,85.8,418.2,141.8,142,212,275,326,418,273,93.4,4.1,1.8,2.3,5.6,19.77,14.9,1.14,4.04,3.04,0.0567,0.0331,48.66,41.58,0,0.05
UCA03,1,5.637,598,598,170.679,37.385,68.705,64.589,62.16,37.84,257,96.1,271,97.0,66.839,96.62,4.018,16.4,105.4,89.0,440.0,170.4,170,223,257,312,440,271,87.0,8.2,4.8,3.5,10.47,24.68,19.67,2.61,6.14,4.9,0.0625,0.0303,47.31,38.65,0,0.06
SPC12,1,5.857,641,641,171.768,38.625,70.82,62.323,63.72,36.28,142,85.8,145,86.2,23.706,86.02,2.722,11.5,91.7,80.3,200.0,103.1,103,129,142,159,200,145,91.9,4.8,2.0,2.8,5.87,17.65,13.49,2.16,6.48,4.96,0.0603,0.0496,46.27,41.17,0,0.05
LRE06,1,5.694,471,471,177.356,29.4,53.315,94.641,46.64,53.36,274,97.2,287,98.0,88.134,97.22,5.275,19.6,107.0,87.4,482.0,155.3,155,211,274,349,482,287,88.3,5.1,2.3,2.8,7.11,31.0,22.51,1.35,5.88,4.27,0.0624,0.0431,51.6,49.61,0,0.055
LOR01,1,6.411,687,687,177.326,35.57,71.59,70.166,60.43,39.57,221,93.5,230,94.2,42.956,93.97,2.995,12.3,101.0,88.7,341.0,168.0,168,200,221,254,341,230,91.3,5.7,4.9,0.9,8.39,22.98,18.14,2.8,7.67,6.06,0.0518,0.0251,44.05,36.86,0,0.05
UPS02,1,6.041,570,570,164.839,32.295,62.059,70.485,57.24,42.76,186,90.5,187,90.6,28.025,90.55,2.541,11.0,95.4,84.4,247.0,131.0,131,169,186,204,247,187,94.7,2.6,1.1,1.6,3.97,11.33,8.81,1.56,4.46,3.47,0.0567,0.0243,40.8,36.58,0,0.05
UCA09,1,6.296,581,581,171.603,29.75,62.538,79.315,53.78,46.22,189,90.7,201,91.8,47.992,91.56,3.796,15.8,100.5,84.7,331.5,133.0,133,167,189,224,332,201,92.1,5.0,1.5,3.4,7.18,21.19,16.68,1.89,5.58,4.39,0.0512,0.0261,47.24,43.75,0,0.045
LYO11,1,6.086,554,554,175.817,28.89,62.135,84.792,51.77,48.23,199,91.6,210,92.5,53.584,92.03,4.272,16.6,100.9,84.4,340.0,130.7,131,171,199,242,340,210,93.7,2.9,1.6,1.3,4.81,26.31,19.49,1.13,6.16,4.56,0.0521,0.027,45.88,38.85,0,0.045
GRE07,1,6.191,516,516,178.568,29.47,53.88,95.218,46.68,53.32,141,85.7,146,86.3,36.624,85.84,4.33,16.4,94.1,77.7,229.6,89.0,89,116,141,169,230,146,92.1,3.5,1.9,1.6,5.86,28.75,20.66,1.35,6.64,4.77,0.0571,0.0264,44.7,40.7,0,0.055
UPS11,1,6.05,523,523,175.705,30.245,56.2,89.26,49.2,50.8,228,94.0,235,94.5,49.748,94.27,3.429,15.2,102.4,87.2,370.6,154.4,154,203,228,258,371,235,89.3,5.9,1.3,4.6,8.64,18.15,14.82,2.52,5.29,4.32,0.0578,0.0323,51.33,47.38,0,0.05
BOD13,1,6.549,551,551,174.481,28.075,56.065,90.341,48.22,51.78,159,87.8,167,88.6,43.529,88.12,4.249,16.8,97.6,80.8,280.5,106.5,107,133,159,192,280,167,91.5,3.8,2.2,1.6,7.24,20.5,16.08,1.7,4.83,3.78,0.051,0.0249,48.6,43.82,0,0.045
OCM01,1,6.138,633,633,178.992,35.315,67.817,75.86,57.62,42.38,270,96.9,272,97.0,47.616,96.88,3.054,12.7,102.9,90.3,382.2,183.8,184,238,270,301,382,272,95.9,1.9,0.8,1.1,2.73,14.82,10.68,0.89,4.85,3.5,0.0558,0.0263,44.15,35.94,0,0.05
PES04,1,5.125,479,479,165.639,40.565,52.899,72.175,56.43,43.57,115,82.1,121,83.0,28.237,82.63,3.746,18.5,90.8,72.3,189.3,65.0,65,105,115,131,189,121,80.4,10.0,5.8,4.2,9.8,19.49,15.29,2.62,5.2,4.08,0.0847,0.0639,52.86,0.0,0,0.07
SPC06,1,6.154,614,614,159.419,31.13,68.64,59.65,62.58,37.42,248,95.5,259,96.2,60.913,95.9,3.828,16.0,104.2,88.2,410.9,163.0,163,219,248,290,411,259,93.2,4.6,3.1,1.5,6.34,20.97,16.4,1.66,5.48,4.29,0.0507,0.0206,42.39,35.08,0,0.05
UCA08,1,6.235,650,650,167.88,36.2,68.046,63.635,62.1,37.9,197,91.5,200,91.7,38.81,91.57,3.254,14.0,98.1,84.1,289.0,129.0,129,175,197,222,289,200,90.9,6.2,2.8,3.4,8.49,21.81,17.19,2.61,6.7,5.28,0.0557,0.0289,46.16,39.06,0,0.05
SOU13,1,5.623,603,603,178.738,30.835,76.4,71.503,60.0,40.0,195,91.3,209,92.5,62.233,91.86,4.99,18.3,101.8,83.5,357.0,124.0,124,160,195,247,357,209,92.5,5.0,3.2,1.8,7.48,34.09,26.44,1.5,6.83,5.3,0.0511,0.025,44.34,36.63,0,0.045
UCA11,1,6.525,617,617,170.773,28.61,65.955,76.208,55.37,44.63,179,89.8,186,90.5,52.803,89.98,4.808,19.4,99.5,80.1,313.3,102.0,102,147,179,219,313,186,92.2,6.8,3.2,3.6,9.47,31.33,24.72,1.97,6.52,5.14,0.0464,0.0217,43.56,37.83,0,0.045
BFC06,1,6.22,727,727,179.638,42.395,74.49,62.753,65.07,34.93,260,96.3,264,96.6,55.257,96.27,3.624,13.5,103.1,89.6,385.8,177.0,177,220,260,303,386,264,95.9,1.7,1.1,0.6,2.76,24.31,16.49,0.76,6.71,4.55,0.0583,0.0306,46.7,37.76,0,0.05
GRE08,1,6.292,607,607,180.744,32.375,64.1,84.269,53.38,46.62,169,88.8,172,89.1,34.808,88.86,3.451,14.7,95.7,81.0,251.7,107.6,108,147,169,194,252,172,90.3,5.6,4.8,0.8,8.71,22.42,17.82,2.52,6.5,5.16,0.0533,0.0286,49.94,46.13,0,0.045
OCM19,1,6.835,564,564,176.804,27.31,55.204,94.29,46.67,53.33,128,84.1,135,84.9,28.794,84.55,3.388,14.2,92.7,78.5,211.0,93.1,93,115,128,148,211,135,94.1,3.5,3.2,0.5,5.95,18.6,14.41,1.75,5.49,4.25,0.0484,0.0271,43.07,39.23,0,0.045
BFC09,1,6.651,592,592,175.573,27.6,61.41,86.564,50.7,49.3,145,86.2,155,87.4,42.467,86.86,4.586,18.1,96.0,77.9,256.6,90.0,90,124,145,180,257,155,94.1,2.9,2.5,0.3,5.35,28.46,21.29,1.17,6.2,4.64,0.0466,0.027,46.84,38.43,0,0.04
LDV01,1,6.063,559,559,166.054,29.2,62.999,73.855,55.52,44.48,224,93.7,240,94.9,59.966,94.47,4.137,15.9,103.2,87.3,389.0,155.0,155,195,224,274,389,240,90.7,6.8,4.7,2.1,9.84,28.14,22.34,2.38,6.8,5.4,0.0522,0.0352,45.4,39.35,0,0.045
GRE09,1,6.234,633,633,179.942,32.115,69.43,78.398,56.43,43.57,256,96.0,262,96.4,57.173,96.1,3.617,13.9,103.3,89.4,389.2,174.8,175,220,256,296,389,262,95.7,2.1,1.4,0.6,3.2,20.38,14.95,0.88,5.64,4.13,0.0507,0.0263,46.09,39.68,0,0.045
BFC07,1,6.716,456,456,162.441,24.83,43.071,94.54,41.8,58.2,146,86.3,150,86.7,24.987,86.51,2.74,11.9,93.0,81.1,215.0,108.0,108,132,146,163,215,150,89.0,5.3,1.5,3.7,8.29,13.83,11.8,3.02,5.05,4.31,0.0545,0.0317,53.13,45.98,0,0.045
LOR05,1,6.314,585,585,178.126,31.915,60.74,85.471,52.02,47.98,127,83.9,136,85.1,33.191,84.66,3.857,15.4,93.9,78.5,226.2,93.0,93,112,127,153,226,136,91.8,4.3,2.9,1.4,7.17,20.2,15.71,1.86,5.24,4.07,0.0546,0.0406,53.84,45.42,0,0.045
GRE12,1,6.424,537,537,172.489,23.64,59.95,88.899,48.46,51.54,139,85.4,148,86.5,37.671,86.09,3.843,15.6,95.5,79.9,248.0,101.0,101,122,139,164,248,148,93.7,4.7,3.7,0.9,8.1,20.72,17.15,2.11,5.39,4.46,0.044,0.0222,48.3,44.29,0,0.04
ALS11,1,6.38,622,622,177.763,31.72,65.775,80.268,54.85,45.15,247,95.4,259,96.2,59.238,95.86,3.62,14.9,104.5,89.6,418.0,177.0,177,216,247,286,418,259,93.4,4.3,2.6,1.8,6.11,21.63,16.58,1.69,5.98,4.58,0.051,0.0238,45.4,37.89,0,0.045
LRE08,1,6.238,403,403,169.305,23.735,40.865,104.705,38.16,61.84,158,87.6,165,88.4,37.128,88.01,3.675,14.3,95.5,81.2,249.4,109.0,109,136,158,189,249,165,89.1,3.0,1.7,1.2,6.55,20.54,15.4,1.78,5.59,4.19,0.0589,0.0451,57.41,61.55,0,0.045
BRE04,1,6.001,651,651,177.003,36.515,71.97,68.518,61.29,38.71,280,97.6,286,97.9,54.076,97.71,3.229,12.7,103.9,91.2,403.0,193.5,194,245,280,321,403,286,93.7,3.4,2.3,1.1,4.84,22.77,16.73,1.5,7.05,5.18,0.0561,0.0253,45.66,37.22,0,0.055
CFE01,1,6.351,552,552,173.824,27.605,59.315,86.904,50.0,50.0,134,84.8,138,85.3,27.858,84.88,3.371,13.2,91.6,78.5,198.8,93.0,93,117,134,157,199,138,96.4,2.0,1.1,1.1,3.54,20.66,15.22,1.05,6.13,4.52,0.05,0.0299,48.24,44.84,0,0.045
BFC01,1,6.643,536,536,173.907,26.12,54.572,93.215,46.4,53.6,150,86.7,161,88.0,44.637,87.5,4.483,17.3,97.5,80.2,279.1,103.0,103,129,150,187,279,161,89.2,8.4,8.2,0.2,14.47,23.42,20.52,3.23,5.22,4.58,0.0487,0.0287,54.56,48.76,0,0.04
BFC08,1,6.015,608,608,171.153,33.755,67.33,70.068,59.06,40.94,136,85.0,142,85.8,26.901,85.53,2.91,12.3,93.0,80.7,215.0,105.8,106,124,136,153,215,142,92.3,2.5,1.8,0.7,5.53,14.23,11.33,1.9,4.89,3.89,0.0555,0.0271,51.62,44.12,0,0.05
LYO03,1,6.506,625,625,180.107,28.745,67.325,84.037,53.34,46.66,117,82.4,124,83.4,24.211,83.16,2.985,12.3,91.3,79.0,195.0,96.0,96,107,117,134,195,124,97.3,1.4,1.1,0.3,2.45,18.12,13.43,0.82,6.07,4.5,0.046,0.0199,38.99,33.51,0,0.04
BFC05,1,6.245,596,596,171.088,33.595,61.848,75.645,55.79,44.21,174,89.3,176,89.5,32.024,89.35,3.083,12.8,96.0,83.2,255.7,122.0,122,152,174,195,256,176,94.6,1.7,0.7,1.0,3.24,17.22,12.3,1.05,5.59,3.99,0.0564,0.029,49.9,41.85,0,0.05
LDV06,1,7.085,553,553,174.824,27.71,50.345,96.769,44.65,55.35,253,95.8,258,96.1,46.141,95.93,3.077,12.4,102.0,89.5,361.0,176.0,176,225,253,287,361,258,94.2,2.7,1.6,1.1,5.1,20.63,15.12,1.66,6.7,4.91,0.0501,0.0239,45.58,35.07,0,0.045
PES01,1,5.689,451,451,170.392,28.295,50.98,91.117,46.52,53.48,249,95.5,268,96.8,73.764,96.22,4.386,17.4,105.9,88.5,452.5,165.5,166,216,249,302,452,268,83.8,10.9,6.7,4.2,14.24,22.91,19.81,3.25,5.22,4.52,0.0627,0.0385,59.15,50.59,0,0.055
ALS02,1,5.726,635,635,179.614,35.145,75.75,68.719,61.74,38.26,110,81.4,116,82.3,28.997,81.86,3.844,16.2,91.6,75.4,199.0,78.0,78,97,110,127,199,116,94.3,4.3,1.7,2.5,5.06,24.07,18.05,1.32,6.26,4.7,0.0553,0.0294,49.26,43.33,0,0.05
LRE04,1,5.684,598,598,180.434,31.005,74.21,75.219,58.31,41.69,243,95.1,257,96.1,67.092,95.58,4.31,17.6,104.7,87.1,422.3,153.0,153,210,243,294,422,257,94.3,2.8,1.3,1.5,4.58,20.36,15.71,1.06,4.72,3.64,0.0518,0.0258,44.56,42.31,0,0.045
CVL04,1,5.547,585,585,175.424,37.1,68.37,69.954,60.12,39.88,250,95.6,268,96.8,67.17,96.34,4.098,16.2,104.9,88.7,428.1,167.9,168,217,250,308,428,268,87.7,9.4,7.2,2.2,10.73,25.1,20.04,2.62,6.12,4.89,0.0634,0.0428,48.96,42.36,0,0.055
CVL03,1,6.348,514,514,174.423,24.965,56.0,93.458,46.42,53.58,238,94.7,248,95.4,52.286,95.13,3.4,13.7,102.9,89.2,380.9,173.0,173,211,238,275,381,248,93.0,4.3,3.9,0.4,7.11,19.74,15.85,2.09,5.81,4.66,0.0486,0.0228,45.11,36.39,0,0.045
UCA07,1,6.483,506,506,172.119,26.03,52.015,94.074,45.34,54.66,258,96.2,272,97.1,66.94,96.7,4.113,16.3,105.2,88.9,435.3,170.0,170,223,258,312,435,272,88.5,8.9,4.0,4.9,15.04,25.37,21.92,3.66,6.17,5.33,0.0514,0.0289,52.6,46.61,0,0.045
SOU16,1,5.977,595,595,168.343,32.415,67.125,68.803,59.13,40.87,259,96.2,268,96.8,51.779,96.6,3.155,13.0,103.7,90.7,399.0,188.3,188,231,259,295,399,268,89.1,7.4,6.6,0.8,10.38,17.68,15.3,3.29,5.6,4.85,0.0545,0.0251,46.9,35.81,0,0.05
UPS03,1,5.762,617,617,169.928,35.57,71.503,62.855,63.01,36.99,177,89.6,184,90.3,41.767,90.01,3.814,15.6,98.1,82.5,288.5,117.2,117,156,177,208,288,184,90.1,7.8,6.2,1.9,9.82,27.46,21.6,2.57,7.2,5.66,0.0576,0.032,48.81,45.35,0,0.05
ALS07,1,5.306,682,682,175.649,46.19,82.355,47.104,73.18,26.82,254,95.8,266,96.7,64.283,96.33,3.989,15.6,104.7,89.1,424.0,172.0,172,218,254,305,424,266,84.3,10.9,6.0,5.0,12.15,23.47,19.4,3.05,5.88,4.86,0.0677,0.0373,56.27,49.72,0,0.06
LRE05,1,6.001,588,588,177.463,34.4,63.58,79.483,55.21,44.79,261,96.3,262,96.4,56.341,96.01,3.744,15.1,103.3,88.2,390.0,163.0,163,220,261,298,390,262,93.4,3.9,3.2,0.7,5.37,22.33,16.37,1.43,5.96,4.37,0.0585,0.0407,50.44,49.29,0,0.05
UCA14,1,6.494,608,608,175.22,29.775,63.85,81.595,53.43,46.57,166,88.5,174,89.3,36.463,89.03,3.385,13.8,96.2,82.4,259.4,116.8,117,148,166,193,259,174,92.9,4.1,2.1,2.0,6.56,21.9,17.02,1.94,6.47,5.03,0.049,0.0269,46.56,39.12,0,0.0425
OCM15,1,6.474,640,640,174.948,33.45,65.413,76.085,56.51,43.49,136,85.0,142,85.8,36.403,85.34,4.349,17.2,94.3,77.1,232.0,86.0,86,115,136,165,232,142,94.4,2.7,1.2,1.4,4.53,23.33,16.97,1.04,5.37,3.9,0.0523,0.0293,46.29,39.04,0,0.045
CFE11,1,6.301,525,525,179.199,25.84,57.48,95.879,46.5,53.5,218,93.2,230,94.1,59.393,93.67,4.103,16.6,103.4,86.8,392.0,150.5,150,186,218,261,392,230,93.1,3.6,2.5,1.1,5.56,25.2,19.11,1.36,6.14,4.66,0.0492,0.0349,48.69,43.41,0,0.04
NOR09,1,6.488,595,595,179.998,31.295,60.415,88.288,50.95,49.05,188,90.7,202,91.9,48.074,91.44,3.779,14.8,100.1,85.3,324.7,138.3,138,168,188,228,325,202,95.1,3.0,2.5,0.5,5.02,21.88,16.13,1.33,5.79,4.27,0.0526,0.0317,49.76,44.04,0,0.045
BOD11,1,6.387,529,529,175.735,31.145,51.68,92.91,47.13,52.87,163,88.2,182,90.1,65.915,89.17,5.785,21.9,101.4,79.6,350.0,99.0,99,131,163,218,350,182,84.9,9.5,6.4,3.2,13.49,32.19,25.16,2.33,5.56,4.35,0.0589,0.0348,49.21,49.15,0,0.05
POF04,1,6.544,609,609,174.159,29.64,63.425,81.094,53.44,46.56,132,84.5,134,84.8,26.66,84.54,3.442,14.5,91.4,76.9,196.0,85.0,85,115,132,150,196,134,94.6,1.6,0.8,0.8,3.94,21.56,15.95,1.15,6.26,4.63,0.0487,0.0241,43.44,36.13,0,0.045
SOU08,1,5.734,653,653,179.27,37.28,76.6,65.39,63.52,36.48,235,94.5,242,95.0,52.796,94.68,3.693,15.0,102.2,87.2,367.0,154.0,154,201,235,274,367,242,89.6,6.0,3.5,2.5,7.88,24.19,18.85,2.13,6.55,5.1,0.0571,0.0284,50.43,40.94,0,0.05
LOR10,1,6.155,579,579,179.748,28.85,65.215,85.684,52.33,47.67,135,84.9,142,85.8,29.447,85.52,3.404,13.6,93.2,79.6,217.3,99.0,99,120,135,160,217,142,96.2,1.2,1.0,0.2,2.76,19.56,14.4,0.81,5.74,4.23,0.0498,0.0263,45.61,39.02,0,0.045
LRE07,1,6.762,551,551,176.563,28.845,52.645,95.073,46.15,53.85,174,89.3,182,90.1,45.016,89.64,4.116,16.1,98.2,82.1,291.0,115.0,115,147,174,209,291,182,94.4,2.0,1.6,0.4,3.42,20.8,14.65,0.83,5.05,3.56,0.0524,0.0354,53.87,51.0,0,0.045
SPC08,1,5.799,590,590,174.388,36.11,65.635,72.643,58.34,41.66,281,97.6,286,97.9,66.995,97.59,3.986,15.2,105.0,89.8,429.9,179.0,179,231,281,332,430,286,89.8,5.4,3.2,2.4,8.64,17.74,14.51,2.17,4.45,3.64,0.0612,0.0372,51.96,43.93,0,0.05
LRE03,1,5.436,436,436,175.269,33.365,46.84,95.064,45.76,54.24,172,89.1,180,89.9,41.336,89.58,3.63,15.6,98.3,82.7,293.2,118.9,119,153,172,198,293,180,89.7,2.3,1.4,1.1,4.07,19.65,13.17,1.12,5.41,3.63,0.0765,0.0755,69.74,61.07,0,0.05
HES08,1,6.417,478,478,171.511,20.795,53.695,97.021,43.43,56.57,147,86.4,159,87.8,48.519,87.15,5.039,18.7,97.0,78.3,271.4,92.0,92,121,147,192,271,159,94.6,3.6,3.1,0.4,6.05,33.77,26.03,1.2,6.7,5.17,0.0435,0.0226,43.86,43.52,0,0.04
POF05,1,5.65,606,606,179.748,39.895,67.36,72.493,59.67,40.33,258,96.1,263,96.5,47.759,96.29,2.999,13.3,102.6,89.4,375.3,174.5,174,231,258,291,375,263,90.9,3.6,2.6,1.0,5.28,17.25,12.8,1.76,5.75,4.27,0.0658,0.03,46.8,36.72,0,0.06
BOD08,1,5.239,547,547,180.601,40.18,64.235,76.186,57.82,42.18,286,97.9,291,98.2,61.525,97.91,3.621,14.6,105.1,90.5,433.1,186.4,186,245,286,332,433,291,88.8,6.6,2.7,4.2,7.32,20.57,15.47,2.02,5.68,4.27,0.0735,0.0363,43.9,36.67,0,0.065
SOU15,1,6.263,648,648,169.113,36.555,66.905,65.653,61.18,38.82,247,95.4,253,95.8,47.013,95.6,3.058,13.1,102.5,89.3,371.6,174.0,174,220,247,279,372,253,90.4,8.5,8.0,0.5,11.15,18.34,15.8,3.64,6.0,5.17,0.0564,0.0303,52.3,40.06,0,0.05
LDV02,1,6.338,644,644,179.003,30.015,71.589,77.4,56.76,43.24,145,86.2,151,86.8,28.144,86.62,2.919,11.4,93.1,81.7,216.0,112.0,112,131,145,165,216,151,98.3,0.9,0.6,0.3,1.59,16.03,11.76,0.55,5.49,4.03,0.0466,0.0237,45.43,40.2,0,0.04
LYO02,1,5.764,579,579,171.873,36.16,64.285,71.428,58.44,41.56,148,86.5,153,87.1,39.218,86.74,4.387,16.6,95.3,78.7,245.3,94.0,94,124,148,179,245,153,87.9,8.1,2.9,5.9,10.88,25.31,20.11,2.48,5.77,4.59,0.0625,0.0428,58.33,48.9,0,0.05
UPS12,1,6.276,613,613,167.0,32.71,64.96,69.33,58.49,41.51,240,94.9,249,95.6,53.512,95.23,3.509,14.0,103.2,89.1,387.0,172.0,172,211,240,277,387,249,93.0,3.8,2.4,1.3,5.93,21.38,16.21,1.69,6.09,4.62,0.0534,0.0263,44.48,37.78,0,0.05
OCM18,1,6.287,640,640,177.683,36.78,65.02,75.883,57.29,42.71,239,94.8,245,95.3,62.674,94.92,4.419,17.9,103.3,85.4,390.0,139.0,139,200,239,286,390,245,90.8,5.3,4.1,1.2,7.62,24.78,18.58,1.72,5.61,4.21,0.0575,0.0284,45.3,35.02,0,0.055
BRE16,1,6.332,563,563,178.763,26.78,62.13,89.853,49.74,50.26,137,85.2,147,86.4,37.72,85.99,3.924,16.5,96.4,79.9,261.9,101.0,101,122,137,160,262,147,93.1,3.9,2.1,1.8,7.47,22.47,17.96,1.9,5.73,4.58,0.0476,0.0291,46.23,44.43,0,0.04
PES06,1,5.826,592,592,175.265,32.25,69.365,73.65,57.98,42.02,167,88.6,173,89.2,37.55,88.93,3.592,14.7,96.9,82.2,270.0,115.2,115,145,167,194,270,173,92.7,1.9,0.8,1.0,4.84,19.74,15.01,1.35,5.5,4.18,0.0545,0.03,46.57,38.49,0,0.05
LRE09,1,6.329,522,522,173.924,29.275,53.205,91.444,47.42,52.58,253,95.8,264,96.5,53.857,96.13,3.268,13.0,104.1,91.1,408.0,193.0,193,226,253,290,408,264,92.7,3.3,2.5,0.8,5.43,22.09,16.18,1.66,6.76,4.95,0.0561,0.0372,53.41,49.07,0,0.045
LYO01,1,6.219,614,614,177.425,32.695,66.035,78.695,55.65,44.35,217,93.1,229,94.1,57.643,93.6,4.082,16.0,102.2,86.3,366.9,146.0,146,187,217,262,367,229,89.9,7.5,5.7,1.8,11.19,27.43,22.05,2.74,6.72,5.4,0.0532,0.0352,47.35,41.08,0,0.045
LOR07,1,5.794,604,604,176.483,36.845,67.395,72.243,59.07,40.93,254,95.9,261,96.3,58.24,96.02,3.888,14.4,102.9,88.5,382.0,166.0,166,213,254,305,382,261,93.4,3.1,1.3,1.8,4.32,21.53,15.45,1.11,5.54,3.97,0.061,0.0275,43.1,36.96,0,0.055
PES10,1,6.392,482,482,178.488,25.02,50.39,103.078,42.25,57.75,111,81.5,116,82.2,23.268,81.99,3.18,13.1,89.8,76.7,179.0,84.0,84,99,111,127,179,116,93.4,1.9,1.7,0.2,4.77,16.5,12.61,1.5,5.19,3.97,0.0519,0.0431,53.7,47.65,0,0.04
CFE09,1,5.971,616,616,178.506,35.535,67.63,75.341,57.79,42.21,225,93.8,233,94.3,38.364,94.11,2.723,10.8,100.1,89.3,324.9,174.0,174,205,225,255,325,233,94.6,2.8,1.9,0.8,3.87,18.73,13.61,1.42,6.88,5.0,0.0577,0.0318,48.9,40.3,0,0.05
LDV08,1,6.202,601,601,172.813,30.11,66.8,75.903,56.08,43.92,248,95.5,256,96.0,56.796,95.68,3.7,14.0,102.8,88.8,379.5,169.0,169,214,248,295,379,256,94.8,3.7,3.3,0.3,5.38,23.42,17.81,1.45,6.33,4.81,0.0501,0.0204,39.76,34.26,0,0.05
POF01,1,5.618,581,581,171.133,39.995,63.425,67.713,60.43,39.57,256,96.0,263,96.5,59.507,96.06,3.924,15.6,103.7,88.1,398.3,161.7,162,217,256,303,398,263,85.7,9.6,4.1,5.5,10.39,25.55,19.69,2.65,6.51,5.02,0.0688,0.0349,47.16,36.36,0,0.06
OCM07,1,6.224,688,688,178.17,34.315,76.22,67.635,62.04,37.96,241,95.0,254,95.9,60.901,95.47,3.87,15.5,104.4,88.9,417.0,170.0,170,210,241,285,417,254,93.9,5.1,4.5,0.6,7.0,21.41,16.93,1.81,5.53,4.37,0.0499,0.0235,42.2,36.61,0,0.045
OCM09,1,6.157,513,513,172.874,30.055,53.265,89.554,48.2,51.8,160,87.9,167,88.6,35.545,88.34,3.512,13.9,96.2,82.3,259.0,116.0,116,141,160,185,259,167,90.6,5.1,2.5,2.5,7.44,21.05,16.14,2.12,6.0,4.6,0.0586,0.0318,47.47,40.81,0,0.05
LOR03,1,6.068,619,619,172.76,34.675,67.33,70.755,59.04,40.96,233,94.4,236,94.6,35.667,94.43,2.548,10.8,99.8,89.0,318.7,171.0,171,212,233,256,319,236,94.3,1.6,0.8,0.8,3.75,16.2,11.97,1.47,6.36,4.7,0.056,0.034,45.31,39.44,0,0.05
OCM11,1,5.854,474,474,160.847,30.34,50.627,79.88,50.34,49.66,146,86.3,148,86.5,23.337,86.34,2.736,11.1,91.8,80.7,201.0,106.0,106,132,146,162,201,148,93.7,0.6,0.2,0.4,2.98,12.57,8.98,1.09,4.6,3.28,0.064,0.0439,54.94,46.09,0,0.055
BOD03,1,5.724,534,534,175.693,35.77,57.52,82.403,53.1,46.9,254,95.9,257,96.1,44.7,95.91,2.898,12.2,102.0,89.8,361.1,179.0,179,227,254,285,361,257,89.9,6.2,2.8,3.4,7.63,18.37,14.25,2.63,6.34,4.92,0.067,0.0387,49.07,38.93,0,0.06
GRE03,1,5.8,501,501,180.044,30.71,55.675,93.659,47.98,52.02,220,93.4,237,94.7,64.959,94.15,4.533,17.8,103.7,85.9,399.4,142.5,143,188,220,277,399,237,92.0,2.6,1.6,1.0,4.5,21.77,15.63,0.99,4.8,3.45,0.0613,0.0399,50.0,42.49,0,0.05
GRE02,1,5.732,584,584,178.967,37.2,64.69,77.078,56.93,43.07,139,85.4,147,86.3,32.227,86.01,3.613,14.7,94.1,79.4,229.0,98.0,98,123,139,165,229,147,91.3,3.8,2.2,1.5,5.33,24.34,17.4,1.48,6.74,4.82,0.0637,0.0345,47.4,40.88,0,0.055
UCA13,1,6.077,696,696,177.054,40.495,74.039,62.52,64.69,35.31,174,89.3,181,90.0,47.889,89.5,4.511,17.6,98.0,80.4,287.7,104.0,104,146,174,214,288,181,92.1,4.3,1.9,2.4,5.93,24.31,17.81,1.32,5.39,3.95,0.0582,0.0272,45.99,39.87,0,0.055
PES03,1,6.415,585,585,179.942,28.825,62.365,88.752,50.68,49.32,142,85.8,151,86.9,37.151,86.52,3.883,15.6,96.0,80.4,256.0,104.0,104,124,142,168,256,151,91.3,4.6,2.9,1.7,8.37,27.56,21.5,2.16,7.1,5.54,0.0493,0.0255,44.48,38.66,0,0.045
ALS05,1,5.353,671,671,176.002,43.59,81.767,50.645,71.22,28.78,264,96.5,275,97.3,56.198,96.92,3.377,12.6,104.0,91.4,406.0,196.0,196,232,264,310,406,275,90.8,3.9,1.9,1.9,5.3,17.78,13.44,1.57,5.27,3.98,0.065,0.0371,46.78,38.72,0,0.055
SEN01,1,5.918,575,572,177.461,30.21,66.945,80.306,54.75,45.25,246,95.3,264,96.6,79.089,95.9,4.815,19.1,106.4,87.2,466.0,154.4,154,206,246,311,466,264,91.5,5.2,2.8,2.4,8.33,32.49,24.98,1.73,6.75,5.19,0.0525,0.0256,47.53,39.68,0,0.05
SPC03,1,6.187,548,548,146.688,26.76,61.813,58.115,60.38,39.62,276,97.3,284,97.8,58.196,97.43,3.405,14.0,104.8,90.8,424.6,189.4,189,240,276,322,425,284,94.9,1.8,0.7,1.1,4.02,23.75,17.79,1.18,6.97,5.22,0.0488,0.0279,46.93,42.13,0,0.045
BRE08,1,5.573,576,576,177.652,34.88,68.48,74.292,58.18,41.82,270,96.9,283,97.7,81.169,97.22,4.874,18.6,106.4,87.8,466.4,159.0,159,218,270,337,466,283,84.0,13.9,9.9,4.3,17.75,35.14,29.27,3.64,7.21,6.01,0.0606,0.0314,48.7,42.83,0,0.055
LYO07,1,5.863,535,535,177.424,31.05,60.2,86.174,51.43,48.57,229,94.1,242,95.0,54.664,94.63,3.759,14.3,102.4,88.0,370.0,161.7,162,201,229,277,370,242,93.3,3.4,2.8,0.7,5.32,18.23,13.84,1.42,4.85,3.68,0.058,0.0372,52.22,44.3,0,0.05
UCA10,1,5.794,593,593,175.604,37.65,64.689,73.265,58.28,41.72,169,88.8,180,89.9,52.137,89.27,4.856,19.3,99.2,79.9,307.8,101.0,101,141,169,207,308,180,88.9,6.2,0.3,5.9,8.68,24.74,18.83,1.79,5.1,3.88,0.0635,0.0467,55.3,47.42,0,0.05
SOU02,1,5.701,507,507,178.925,33.3,55.625,90.0,49.7,50.3,214,92.9,221,93.4,35.885,93.33,2.626,10.9,99.6,88.7,315.0,168.0,168,195,214,239,315,221,87.6,5.7,4.9,0.8,7.32,15.39,12.37,2.79,5.86,4.71,0.0657,0.0359,55.14,44.27,0,0.055
UPS07,1,5.828,546,546,163.332,30.68,63.0,69.652,57.36,42.64,116,82.3,126,83.7,34.659,83.16,4.312,16.4,93.1,76.7,217.0,84.0,84,101,116,142,217,126,90.1,7.7,5.9,2.0,10.44,26.49,21.24,2.42,6.14,4.93,0.0562,0.0259,46.81,38.88,0,0.05
BOD12,1,6.367,654,654,179.829,37.16,65.55,77.119,57.12,42.88,253,95.8,262,96.4,54.625,96.19,3.489,13.6,103.2,89.6,388.7,177.0,177,222,253,292,389,262,91.1,6.0,3.5,2.6,7.35,23.33,17.55,2.11,6.69,5.03,0.0568,0.0292,41.01,35.63,0,0.05
SOU03,1,6.02,552,552,180.665,31.56,60.14,88.965,50.76,49.24,166,88.6,171,89.0,36.386,88.8,3.597,15.2,96.2,81.0,258.4,107.6,108,146,166,192,258,171,90.2,6.2,4.2,2.0,8.55,18.73,15.23,2.38,5.21,4.23,0.0572,0.032,50.91,41.84,0,0.05
OCM02,1,5.989,595,595,176.994,35.775,63.579,77.64,56.13,43.87,246,95.3,254,95.8,42.411,95.73,2.774,11.9,101.4,89.4,349.0,175.3,175,226,246,279,349,254,93.6,3.4,1.2,2.2,4.57,14.84,11.14,1.65,5.35,4.02,0.0601,0.0311,48.55,42.65,0,0.055
OCM05,1,6.983,598,598,173.843,27.365,58.275,88.204,49.26,50.74,185,90.4,195,91.3,40.351,91.01,3.288,13.8,99.5,85.7,313.2,141.0,141,168,185,215,313,195,95.8,3.3,2.2,1.2,4.55,18.74,14.2,1.38,5.7,4.32,0.0458,0.0222,42.8,36.12,0,0.04
BOD01,1,6.263,708,708,181.626,40.33,72.72,68.576,62.24,37.76,220,93.4,222,93.5,43.117,93.32,3.412,13.2,99.2,86.0,308.2,144.0,144,189,220,253,308,222,96.5,1.1,0.3,0.8,2.42,15.0,10.52,0.71,4.4,3.08,0.057,0.0283,46.73,40.44,0,0.05
NOR04,1,5.459,585,585,179.338,40.44,66.725,72.173,59.76,40.24,237,94.7,248,95.5,59.537,95.14,4.048,15.7,103.3,87.6,390.2,157.9,158,201,237,288,390,248,89.4,4.4,2.9,1.5,6.14,23.59,17.0,1.52,5.83,4.2,0.0691,0.0402,50.85,46.99,0,0.06
CFE06,1,6.736,489,489,170.851,26.17,46.42,98.261,42.49,57.51,220,93.4,225,93.8,44.9,93.48,3.333,13.8,100.5,86.7,332.9,150.0,150,191,220,252,333,225,94.7,2.2,1.8,0.4,3.92,21.13,14.92,1.18,6.34,4.48,0.0535,0.0349,52.32,52.8,0,0.045
UPS05,1,6.865,512,512,171.969,25.83,48.75,97.389,43.37,56.63,228,94.0,233,94.4,51.392,94.04,3.698,15.0,101.4,86.4,349.1,146.9,147,196,228,263,349,233,89.6,6.2,3.5,2.9,9.93,24.6,19.52,2.69,6.65,5.28,0.0504,0.0272,49.81,42.19,0,0.045
CFE04,1,5.901,705,705,181.855,37.855,81.615,62.385,65.7,34.3,243,95.1,247,95.4,41.114,95.12,2.8,12.2,100.9,88.7,339.3,168.0,168,219,243,272,339,247,91.8,3.1,2.4,1.0,5.57,16.41,12.97,1.99,5.86,4.63,0.0537,0.0374,53.83,46.17,0,0.04
LDV04,1,6.519,597,597,176.617,26.94,64.645,85.032,51.86,48.14,121,83.0,125,83.6,23.942,83.38,3.175,13.3,90.2,76.9,183.0,85.0,85,108,121,139,183,125,96.8,1.5,0.5,1.0,2.69,16.62,12.52,0.85,5.24,3.94,0.0451,0.0225,44.25,38.07,0,0.04
BOD10,1,6.234,575,575,177.271,31.68,60.555,85.036,52.03,47.97,208,92.4,215,92.9,41.689,92.71,3.264,13.1,99.7,86.6,317.0,149.0,149,184,208,240,317,215,90.4,6.1,4.5,1.6,8.24,21.11,16.69,2.52,6.47,5.11,0.0551,0.0344,52.44,40.83,0,0.05
BRE10,1,5.974,699,699,179.984,41.205,75.81,62.97,65.01,34.99,249,95.5,265,96.6,70.087,96.15,4.304,17.6,105.4,87.9,441.5,160.0,160,217,249,303,442,265,90.6,8.0,5.0,3.0,10.65,27.87,21.81,2.48,6.47,5.07,0.0589,0.0287,47.39,38.46,0,0.055
LYO12,1,5.949,520,520,177.659,30.985,56.42,90.254,49.2,50.8,134,84.9,146,86.2,46.009,85.52,5.179,19.2,96.5,77.4,264.0,87.3,87,107,134,174,264,146,85.6,11.0,9.6,1.3,13.33,30.32,24.3,2.57,5.85,4.69,0.0596,0.0357,52.99,47.25,0,0.05
BOD02,1,5.956,599,599,176.492,38.59,61.975,75.927,56.98,43.02,301,98.8,308,99.2,73.938,98.72,4.137,16.2,106.4,90.2,467.6,183.0,183,251,301,356,468,308,85.1,10.2,7.2,3.2,11.38,25.08,19.82,2.75,6.06,4.79,0.0644,0.0343,48.41,42.66,0,0.06
GRE06,1,5.799,530,530,180.087,32.875,58.525,88.687,50.75,49.25,282,97.7,291,98.2,79.531,97.61,4.601,18.2,106.6,88.3,470.9,164.4,164,231,282,344,471,291,87.2,8.1,3.8,4.3,9.93,31.62,23.82,2.16,6.87,5.18,0.062,0.0306,47.82,38.36,0,0.055
LYO05,1,6.14,651,651,172.678,30.62,75.398,66.66,61.4,38.6,147,86.4,155,87.3,40.399,86.84,4.343,17.4,96.1,78.8,258.0,94.5,95,123,147,178,258,155,92.8,4.6,2.8,1.8,7.54,27.48,21.72,1.74,6.33,5.0,0.047,0.023,42.61,37.64,0,0.04
BOD07,1,5.629,543,543,176.968,32.985,63.485,80.498,54.51,45.49,257,96.1,263,96.5,40.91,96.31,2.566,10.6,101.8,91.2,357.8,194.0,194,233,257,286,358,263,89.9,4.1,2.8,1.3,6.04,13.8,11.14,2.35,5.38,4.34,0.0607,0.0308,52.54,49.54,0,0.055
ANT01,1,6.448,674,674,178.523,37.76,66.775,73.988,58.56,41.44,176,89.6,183,90.2,40.065,89.93,3.627,14.3,97.5,83.2,279.0,122.0,122,152,176,209,279,183,90.9,4.2,2.7,1.5,7.02,18.98,14.66,1.94,5.23,4.04,0.056,0.0324,47.87,45.46,0,0.05
SOU01,1,6.287,637,637,175.179,32.46,68.865,73.854,57.84,42.16,235,94.5,245,95.3,44.478,95.07,2.989,12.0,102.0,89.9,361.0,180.0,180,212,235,270,361,245,95.4,2.5,1.9,0.6,3.73,21.1,15.54,1.25,7.06,5.2,0.051,0.0248,46.43,38.7,0,0.045
BRE06,1,5.418,649,649,176.685,40.53,79.26,56.895,67.8,32.2,245,95.2,253,95.8,56.773,95.42,3.749,15.0,103.0,88.0,384.1,161.5,161,211,245,287,384,253,89.4,6.8,2.5,4.3,7.84,25.92,19.8,2.09,6.91,5.28,0.0624,0.0339,45.36,36.66,0,0.06
ALS10,1,5.715,661,661,179.439,39.23,76.43,63.779,64.46,35.54,252,95.7,259,96.2,38.861,95.95,2.389,9.6,101.4,91.7,349.1,200.0,200,229,252,285,349,259,90.9,5.7,3.9,1.8,7.16,17.47,13.97,3.0,7.31,5.85,0.0593,0.0363,48.78,39.23,0,0.05
LYO10,1,6.135,636,636,178.937,35.875,67.79,75.272,57.93,42.07,294,98.4,293,98.3,61.013,98.07,3.623,13.2,104.4,91.3,417.1,194.9,195,245,294,335,417,293,94.2,3.5,1.6,1.9,5.01,27.07,19.43,1.38,7.47,5.36,0.0564,0.0326,44.53,37.05,0,0.05
CVL02,1,6.027,588,588,173.351,30.88,66.685,75.786,56.28,43.72,123,83.3,127,83.9,21.817,83.67,2.787,11.3,90.1,78.8,182.0,95.0,95,112,123,139,182,127,94.6,4.1,3.1,1.0,4.84,17.04,13.18,1.74,6.11,4.73,0.0525,0.0298,49.98,42.67,0,0.045
HES03,1,7.163,259,259,172.195,15.085,21.075,136.035,21.0,79.0,229,94.1,231,94.2,70.513,93.53,5.208,20.1,104.0,83.8,405.4,126.9,127,172,229,273,405,231,86.5,7.3,2.3,5.0,10.87,21.2,16.89,2.09,4.07,3.24,0.0582,0.038,58.49,54.17,0,0.05
SOU14,1,5.484,466,466,162.788,30.155,54.813,77.82,52.2,47.8,253,95.8,262,96.4,56.912,96.13,3.444,14.2,104.2,89.9,410.6,180.3,180,222,253,292,411,262,82.8,10.5,6.9,3.9,13.93,20.72,18.31,4.04,6.02,5.32,0.0647,0.0369,57.11,44.05,0,0.055
UPS08,1,5.885,597,597,178.195,38.375,63.07,76.75,56.93,43.07,225,93.8,236,94.6,47.335,94.27,3.147,13.8,102.5,88.7,372.0,168.0,168,205,225,256,372,236,87.3,9.4,5.9,3.7,11.0,20.51,16.91,3.49,6.52,5.37,0.0643,0.046,51.14,43.22,0,0.055
SOU11,1,5.51,542,542,179.527,35.56,62.81,81.157,54.79,45.21,137,85.2,146,86.3,35.514,85.86,3.84,16.3,95.4,79.0,246.6,96.0,96,123,137,163,247,146,92.3,3.5,1.7,1.8,4.6,21.68,15.51,1.2,5.65,4.04,0.0656,0.0468,56.03,46.84,0,0.055
BOD05,1,5.86,689,689,180.329,39.76,77.81,62.759,65.2,34.8,171,89.0,175,89.4,36.04,89.12,3.514,14.6,96.7,82.1,266.9,115.0,115,148,171,197,267,175,93.0,2.5,1.6,0.9,4.56,19.88,14.7,1.3,5.66,4.18,0.0577,0.034,52.96,46.04,0,0.05
PES11,1,5.676,589,589,171.831,37.04,66.725,68.066,60.39,39.61,148,86.5,157,87.6,42.629,87.1,4.425,17.0,96.9,79.9,269.9,101.0,101,124,148,181,270,157,87.4,7.0,3.6,3.4,8.66,28.68,21.54,1.96,6.48,4.87,0.0629,0.0467,58.52,46.49,0,0.05
LRE02,1,6.156,558,558,173.148,27.66,62.99,82.498,52.35,47.65,260,96.3,270,96.9,73.235,96.33,4.604,18.5,105.5,87.0,443.2,151.8,152,211,260,315,443,270,93.4,2.9,2.0,0.9,5.63,28.68,21.65,1.22,6.23,4.7,0.0496,0.0281,45.79,45.52,0,0.045
SOU05,1,6.663,473,473,167.847,22.335,48.657,96.855,42.3,57.7,193,91.1,199,91.6,32.722,91.4,2.666,12.1,98.3,86.2,291.7,145.4,145,177,193,216,292,199,95.1,2.3,2.3,0.0,4.26,15.96,12.28,1.6,5.99,4.6,0.0472,0.0272,47.05,43.0,0,0.04
ANT02,1,5.477,550,550,152.825,36.065,64.355,52.405,65.71,34.29,310,99.3,314,99.5,74.286,99.12,4.085,16.0,106.2,90.1,461.0,182.5,182,256,310,368,461,314,84.4,12.4,4.5,7.8,14.48,25.61,21.61,3.54,6.27,5.29,0.0656,0.0372,50.4,43.32,0,0.06
UCA02,1,5.82,658,658,179.028,39.815,73.25,65.963,63.15,36.85,258,96.1,261,96.3,48.228,96.17,3.222,13.0,102.1,89.2,365.2,172.8,173,226,258,296,365,261,91.9,4.6,2.0,2.6,5.56,20.48,15.23,1.72,6.36,4.73,0.0605,0.0268,43.34,32.4,0,0.055
LYO08,1,5.643,581,581,176.798,38.125,64.84,73.833,58.24,41.76,234,94.4,241,95.0,38.321,94.76,2.625,10.6,100.4,89.8,331.0,179.0,179,214,234,264,331,241,91.6,3.1,1.7,1.4,5.37,15.71,11.88,2.04,5.99,4.53,0.0656,0.0373,47.42,38.83,0,0.06
BRE15,1,5.849,676,676,178.603,38.26,77.325,63.018,64.72,35.28,231,94.2,240,94.9,52.676,94.51,3.548,13.9,102.4,88.5,370.5,166.0,166,202,231,270,370,240,93.5,3.1,1.9,1.2,4.35,24.37,17.74,1.23,6.87,5.0,0.0566,0.0245,45.15,35.96,0,0.055
BRE12,1,6.402,518,518,168.724,31.075,49.835,87.814,47.95,52.05,239,94.8,245,95.3,57.785,94.96,4.182,17.7,102.1,84.4,363.8,131.0,131,204,239,286,364,245,87.5,7.9,0.4,7.5,12.27,19.87,16.95,2.93,4.75,4.05,0.06,0.0342,49.69,48.67,0,0.05
OCM16,1,6.272,540,540,175.822,33.71,52.387,89.725,48.97,51.03,147,86.4,155,87.3,44.404,86.73,4.809,18.0,96.1,78.1,257.0,91.0,91,119,147,181,257,155,86.5,7.4,6.7,0.7,9.74,25.49,19.32,2.03,5.3,4.02,0.0624,0.0545,56.24,49.55,0,0.045
LOR09,1,5.755,510,510,173.989,34.755,53.865,85.369,50.93,49.07,244,95.2,251,95.7,40.023,95.41,2.631,11.8,101.7,89.9,356.1,179.8,180,227,244,271,356,251,89.0,6.1,4.5,1.6,7.58,16.59,13.06,2.88,6.3,4.96,0.0681,0.0514,58.84,49.58,0,0.055
LOR02,1,5.952,576,576,177.605,33.05,63.73,80.825,54.49,45.51,110,81.4,118,82.5,29.149,82.14,4.089,15.8,90.9,75.1,190.5,76.5,77,96,110,135,190,118,91.8,2.8,1.9,0.9,5.39,16.36,12.61,1.32,4.0,3.09,0.0574,0.0329,54.48,44.03,0,0.05
BOD14,1,5.642,605,605,167.891,38.475,68.751,60.665,63.87,36.13,156,87.4,162,88.0,36.118,87.69,3.819,15.0,95.1,80.1,243.0,102.0,102,134,156,185,243,162,88.6,6.0,3.3,2.6,7.64,23.65,17.91,2.0,6.19,4.69,0.0636,0.0365,49.25,42.6,0,0.055
OCM20,1,5.978,592,592,173.438,38.15,60.874,74.415,57.09,42.91,274,97.2,280,97.5,54.91,97.35,3.283,13.5,104.2,90.7,411.0,188.0,188,240,274,313,411,280,86.5,9.3,4.6,4.7,10.89,20.13,16.57,3.32,6.13,5.05,0.0644,0.0308,44.57,39.04,0,0.06
LYO06,1,6.169,625,625,176.985,33.65,67.67,75.665,57.25,42.75,220,93.4,229,94.0,52.45,93.69,3.774,15.0,101.9,86.9,360.0,151.0,151,188,220,261,360,229,91.2,5.4,4.0,1.4,8.28,23.71,18.58,2.19,6.28,4.92,0.0538,0.025,46.91,37.39,0,0.05
LYO09,1,5.945,605,605,178.915,33.995,67.765,77.155,56.88,43.12,157,87.5,162,88.1,44.221,87.49,4.76,18.2,96.1,77.9,257.9,90.0,90,129,157,191,258,162,91.2,5.6,3.1,2.5,7.68,26.79,20.4,1.61,5.63,4.29,0.0562,0.0364,54.96,44.3,0,0.045
NOR07,1,6.006,627,627,180.001,38.96,65.44,75.601,58.0,42.0,228,94.0,232,94.3,39.397,94.04,2.8,11.6,100.0,88.4,323.0,165.0,165,203,228,257,323,232,93.9,3.3,1.1,2.2,4.65,17.43,12.66,1.66,6.23,4.52,0.0621,0.0436,46.56,39.74,0,0.055
POF02,1,6.312,499,499,176.08,26.825,52.235,97.02,44.9,55.1,165,88.4,170,88.9,33.282,88.66,3.293,13.3,95.4,82.1,246.6,114.5,114,146,165,191,247,170,90.8,5.4,4.0,1.6,8.07,16.28,13.5,2.45,4.94,4.1,0.0538,0.0341,54.36,44.86,0,0.045
LOR06,1,5.658,548,548,171.198,34.25,62.608,74.34,56.58,43.42,249,95.5,256,96.0,51.677,95.81,3.386,14.4,103.2,88.9,388.6,169.4,169,220,249,288,389,256,89.2,5.7,2.9,2.7,8.05,22.0,17.06,2.38,6.5,5.04,0.0625,0.0478,51.9,45.34,0,0.05
GRE11,1,6.923,624,624,179.99,29.01,61.125,89.855,50.08,49.92,201,91.8,210,92.6,45.103,92.26,3.614,13.6,99.9,86.4,321.5,147.0,147,176,201,240,322,210,97.0,1.9,1.6,0.3,2.65,24.22,17.28,0.73,6.7,4.78,0.0465,0.0204,41.81,36.25,0,0.045
UCA05,1,5.431,668,668,176.372,44.215,78.785,53.372,69.74,30.26,290,98.2,293,98.3,56.928,98.12,3.267,13.1,104.6,91.6,421.0,198.0,198,248,290,328,421,293,89.5,6.1,4.5,1.6,7.85,16.86,13.62,2.4,5.16,4.17,0.0662,0.0326,45.93,36.78,0,0.06
NOR08,1,6.154,522,522,172.767,30.075,54.75,87.942,49.1,50.9,206,92.2,212,92.7,42.55,92.44,3.321,14.4,99.7,85.3,317.6,138.0,138,182,206,234,318,212,91.8,3.8,2.3,1.7,6.23,17.11,13.25,1.88,5.15,3.99,0.0576,0.038,48.39,42.67,0,0.05
BOD04,1,5.914,601,601,174.772,39.945,61.685,73.142,58.15,41.85,205,92.2,215,93.0,52.436,92.67,4.018,16.7,101.3,84.7,348.4,133.0,133,179,205,244,348,215,87.4,8.7,7.0,1.7,10.53,22.39,17.73,2.62,5.57,4.41,0.0665,0.038,53.78,44.86,0,0.06
BRE09,1,5.583,619,619,177.206,39.46,71.415,66.331,62.57,37.43,212,92.7,218,93.2,42.304,92.89,3.196,14.1,100.2,86.0,325.7,144.0,144,189,212,239,326,218,88.9,5.8,2.6,3.2,7.31,16.8,13.42,2.29,5.26,4.2,0.0637,0.0438,54.25,48.13,0,0.055
ALS01,1,6.449,693,693,177.732,36.575,70.88,70.277,60.46,39.54,265,96.6,267,96.7,45.784,96.53,2.99,12.9,102.2,89.2,365.8,173.2,173,237,265,296,366,267,94.2,3.6,2.9,0.7,5.68,17.92,13.75,1.9,5.99,4.6,0.0528,0.0271,44.21,35.38,0,0.05
LDV03,1,6.304,626,626,180.783,31.88,67.425,81.478,54.93,45.07,235,94.5,255,95.9,66.498,95.38,4.269,15.8,104.5,88.8,419.3,168.5,169,203,235,299,419,255,94.9,4.3,2.6,1.8,6.01,30.76,22.82,1.41,7.21,5.34,0.0509,0.0206,41.48,36.48,0,0.05
UCA15,1,6.126,617,617,173.081,32.415,68.31,72.356,58.2,41.8,202,91.9,208,92.4,50.438,92.12,4.139,17.6,100.5,82.9,332.6,120.2,120,173,202,235,333,208,91.7,5.3,4.1,1.3,8.71,24.76,19.59,2.11,5.98,4.73,0.0525,0.0241,44.69,39.46,0,0.05
NOR12,1,5.897,735,735,177.411,43.99,80.66,52.761,70.26,29.74,159,87.8,164,88.3,32.333,88.13,3.253,13.3,95.2,82.0,245.1,114.0,114,139,159,185,245,164,90.5,4.5,3.3,1.4,6.55,23.33,17.41,2.01,7.17,5.35,0.0599,0.0363,49.74,43.42,0,0.05
HES06,1,6.22,428,428,167.794,21.825,46.985,98.984,41.01,58.99,228,94.0,244,95.2,62.161,94.79,4.138,16.5,104.0,87.5,406.4,156.6,157,198,228,278,406,244,87.4,8.2,5.1,3.0,11.86,26.29,21.71,2.87,6.35,5.25,0.051,0.0288,48.93,44.42,0,0.045
OCM10,1,5.592,594,594,189.535,35.275,70.955,83.305,56.05,43.95,210,92.6,221,93.4,62.35,92.94,4.729,18.6,102.5,83.9,372.7,127.3,127,176,210,254,373,221,85.4,10.1,3.9,6.2,12.21,26.8,21.96,2.58,5.67,4.64,0.0594,0.0337,49.74,42.57,0,0.05
OCM17,1,5.908,576,576,175.934,31.57,65.924,78.44,55.42,44.58,176,89.5,179,89.8,45.099,89.41,4.494,17.7,97.3,79.6,275.5,99.0,99,145,176,208,275,179,90.1,5.6,2.8,3.0,8.25,19.33,15.74,1.84,4.3,3.5,0.0548,0.0325,53.1,44.59,0,0.045
UPS04,1,5.925,582,582,174.667,35.765,62.47,76.432,56.24,43.76,145,86.2,149,86.6,26.003,86.38,2.863,12.2,93.3,81.1,218.4,108.0,108,132,145,162,218,149,90.9,4.1,2.4,1.7,6.5,16.5,12.86,2.27,5.76,4.49,0.0615,0.0354,51.35,45.17,0,0.05
NOR03,1,6.331,605,605,173.893,31.66,63.9,78.333,54.95,45.05,250,95.6,257,96.1,56.814,95.75,3.732,15.5,103.6,88.2,397.3,162.7,163,218,250,286,397,257,93.6,3.3,2.0,1.3,5.42,22.88,17.1,1.45,6.13,4.58,0.0523,0.0345,50.53,42.32,0,0.045
OCM04,1,6.397,491,491,166.036,26.615,50.136,89.285,46.23,53.77,147,86.4,156,87.5,39.628,86.98,4.164,15.4,95.5,80.1,248.0,102.0,102,125,147,185,248,156,89.2,6.1,4.5,1.6,9.75,26.87,20.93,2.34,6.45,5.03,0.0542,0.0349,56.66,51.27,0,0.045
OCM12,1,7.038,545,545,176.751,24.155,53.28,99.316,43.81,56.19,142,85.8,148,86.5,26.096,86.23,2.829,12.4,93.6,81.2,222.7,109.0,109,130,142,159,223,148,93.4,3.9,3.3,0.6,6.45,16.32,13.24,2.28,5.77,4.68,0.0443,0.0233,44.19,37.27,0,0.04
ALS03,1,5.864,662,662,178.887,37.775,75.125,65.987,63.11,36.89,145,86.2,154,87.2,41.001,86.72,4.278,17.5,96.5,79.0,264.0,96.0,96,126,145,176,264,154,92.0,5.4,4.4,1.5,7.99,22.11,17.39,1.87,5.17,4.06,0.0571,0.0351,50.07,43.41,0,0.05
HES05,1,6.605,510,510,179.152,24.4,52.82,101.932,43.1,56.9,142,85.8,149,86.6,38.236,86.1,4.278,17.2,95.3,78.1,245.3,91.0,91,120,142,168,245,149,92.7,3.3,2.2,1.2,6.21,25.19,19.19,1.45,5.89,4.49,0.0478,0.0307,50.37,44.87,0,0.04
LRE01,1,5.606,549,549,173.957,30.6,67.33,76.027,56.3,43.7,282,97.7,292,98.3,69.255,97.86,4.123,16.7,105.7,89.0,448.5,170.9,171,245,282,338,449,292,93.1,3.5,2.4,1.1,5.28,24.49,18.49,1.28,5.94,4.48,0.0557,0.036,54.32,46.43,0,0.05
UPS01,1,6.006,679,679,161.31,40.51,72.535,48.265,70.08,29.92,168,88.7,171,89.0,26.768,88.94,2.651,10.7,94.1,83.5,230.0,124.0,124,152,168,188,230,171,93.5,3.2,0.3,2.9,4.57,16.44,12.19,1.72,6.2,4.6,0.0597,0.0363,50.05,43.12,0,0.05
LYO04,1,6.066,523,523,172.855,27.96,58.255,86.64,49.88,50.12,228,94.0,237,94.7,38.936,94.53,2.742,10.5,100.4,89.9,330.0,180.0,180,209,228,260,330,237,95.4,2.1,1.5,0.6,3.74,16.68,12.48,1.36,6.08,4.55,0.0535,0.0303,48.81,38.06,0,0.045
SOU09,1,5.907,495,495,175.26,30.25,53.555,91.455,47.82,52.18,239,94.8,249,95.5,58.107,95.15,3.868,16.9,103.6,86.7,396.0,149.6,150,207,239,281,396,249,83.8,13.7,10.5,3.2,15.28,23.5,20.53,3.95,6.07,5.31,0.0611,0.0361,50.58,41.27,0,0.055
NOR05,1,5.728,626,626,177.703,41.435,67.86,68.408,61.5,38.5,267,96.7,276,97.3,65.744,96.89,3.932,16.3,105.2,88.9,436.5,170.0,170,229,267,318,436,276,83.5,11.8,8.6,3.2,13.88,21.74,18.76,3.53,5.53,4.77,0.0662,0.0352,50.49,45.35,0,0.06
LYO14,1,5.573,644,644,179.897,39.37,76.18,64.347,64.23,35.77,199,91.6,208,92.4,55.772,91.95,4.506,18.0,101.3,83.3,347.5,123.0,123,164,199,239,347,208,91.1,4.3,2.2,2.2,6.65,25.03,18.77,1.48,5.56,4.17,0.0611,0.0313,47.35,36.73,0,0.055
PES05,1,6.145,532,532,178.518,33.115,53.455,91.948,48.49,51.51,253,95.8,261,96.3,46.404,96.11,2.901,11.9,102.8,90.9,380.0,191.0,191,227,253,288,380,261,92.7,3.8,2.3,1.5,4.91,18.74,13.45,1.69,6.46,4.64,0.0622,0.0261,41.39,34.61,0,0.06
SPC01,1,5.902,569,569,178.84,37.245,59.17,82.425,53.91,46.09,237,94.7,240,94.9,49.946,94.73,3.641,14.6,101.4,86.7,349.5,150.0,150,203,237,275,349,240,88.2,6.7,1.1,5.6,8.41,18.21,14.43,2.31,5.0,3.96,0.0655,0.0401,52.1,43.65,0,0.055
ALS04,1,6.042,668,668,169.243,37.58,72.983,58.68,65.33,34.67,266,96.7,274,97.2,57.395,96.98,3.512,13.9,104.3,90.4,413.8,185.0,185,233,266,307,414,274,93.7,3.3,2.5,0.7,4.95,20.8,15.41,1.41,5.92,4.39,0.0563,0.0289,45.12,40.2,0,0.05
GRE15,1,6.368,541,541,168.304,29.89,55.065,83.349,50.48,49.52,236,94.6,249,95.5,53.538,95.14,3.584,12.6,102.3,89.7,368.9,178.0,178,207,236,286,369,249,92.2,4.8,3.1,1.7,6.9,25.41,18.9,1.92,7.09,5.27,0.0552,0.033,51.4,44.04,0,0.05
GRE14,1,6.627,584,584,179.427,27.34,60.79,91.297,49.12,50.88,143,85.9,149,86.6,34.024,86.23,3.685,14.8,94.5,79.7,235.3,99.9,100,125,143,166,235,149,96.9,1.0,0.5,0.5,2.56,20.52,14.95,0.69,5.57,4.06,0.0468,0.0238,43.92,38.8,0,0.04
NOR01,1,5.134,580,580,178.252,41.58,71.395,65.277,63.38,36.62,334,100.6,336,100.7,70.716,100.59,3.619,15.5,107.5,92.1,498.0,203.8,204,286,334,381,498,336,87.2,6.9,2.9,4.1,7.71,21.02,16.12,2.13,5.81,4.45,0.0717,0.0344,44.19,37.84,0,0.065
NOR11,1,6.124,682,682,174.926,37.715,73.655,63.556,63.67,36.33,147,86.4,163,88.2,58.255,87.25,5.74,21.7,99.6,77.9,315.0,90.0,90,116,147,200,315,163,85.5,11.4,7.3,4.1,16.74,42.56,33.81,2.92,7.41,5.89,0.0553,0.0365,53.65,50.0,0,0.045
HES07,1,6.282,610,610,180.466,30.04,67.06,83.366,53.81,46.19,157,87.5,166,88.5,42.394,87.98,4.341,16.6,96.5,79.9,263.0,101.0,101,133,157,195,263,166,91.8,4.6,3.3,1.3,7.12,24.36,19.03,1.64,5.61,4.38,0.0492,0.0267,45.84,40.96,0,0.04
UPS13,1,6.298,600,600,172.93,35.17,60.1,77.66,55.09,44.91,170,88.9,173,89.2,33.468,88.94,3.244,14.4,95.9,81.5,254.5,111.0,111,151,170,190,254,173,87.7,7.2,0.7,6.5,10.26,15.76,13.73,3.16,4.86,4.23,0.0586,0.0376,50.99,44.2,0,0.05
SPC09,1,5.667,446,446,170.598,32.03,46.675,91.893,46.13,53.87,151,86.9,158,87.6,36.53,87.28,3.79,15.8,95.9,80.1,254.3,102.3,102,132,151,177,254,158,83.4,8.7,3.8,5.2,11.13,20.19,16.5,2.94,5.33,4.35,0.0718,0.0599,57.57,51.85,0,0.06
UCA01,1,6.001,672,672,176.672,35.29,76.7,64.682,63.39,36.61,159,87.8,166,88.5,37.221,88.28,3.686,14.5,96.3,81.8,260.6,113.0,113,138,159,187,261,166,94.0,3.3,1.8,1.5,4.87,23.45,17.6,1.32,6.36,4.77,0.0525,0.0238,45.05,34.84,0,0.05
BRE11,1,5.839,576,576,169.758,32.37,66.28,71.108,58.11,41.89,243,95.1,255,95.9,56.157,95.51,3.611,14.2,103.3,89.1,389.9,172.0,172,212,243,290,390,255,92.2,5.9,5.2,0.7,7.62,25.24,19.46,2.11,6.99,5.39,0.0562,0.0282,45.06,38.85,0,0.05
BOD16,1,6.761,602,602,174.447,28.36,60.685,85.402,51.04,48.96,140,85.6,143,85.9,30.048,85.69,3.577,14.7,92.8,78.1,212.4,91.0,91,121,140,163,212,143,91.0,5.3,3.0,2.3,8.57,27.0,21.13,2.4,7.55,5.91,0.0471,0.0331,46.15,41.86,0,0.04
SOU07,1,5.692,666,666,179.825,39.05,77.955,62.82,65.07,34.93,215,93.0,231,94.2,47.229,93.87,3.243,12.5,101.6,89.1,354.6,172.0,172,197,215,254,355,231,91.1,5.1,4.7,0.5,7.44,19.7,15.61,2.29,6.08,4.81,0.0586,0.031,49.76,39.76,0,0.05
UCA12,1,6.477,727,727,174.877,36.32,75.92,62.637,64.18,35.82,274,97.2,277,97.4,50.293,97.23,3.094,12.3,102.9,90.6,382.0,187.6,188,238,274,312,382,277,94.8,3.0,2.1,1.0,4.79,21.68,16.22,1.55,7.01,5.24,0.05,0.0202,38.48,35.63,0,0.045
CFE07,1,6.362,567,567,176.815,29.58,59.54,87.695,50.4,49.6,225,93.8,237,94.7,68.086,94.01,4.749,18.5,103.8,85.3,402.8,138.2,138,182,225,278,403,237,94.4,2.1,0.7,1.6,3.76,22.79,16.47,0.79,4.8,3.47,0.0522,0.0336,50.71,44.72,0,0.04
LYO13,1,6.805,584,584,177.832,25.45,60.375,92.007,48.26,51.74,160,87.9,169,88.8,43.859,88.41,4.225,16.8,97.8,81.0,284.1,107.9,108,137,160,192,284,169,91.6,6.3,5.5,0.9,10.89,30.24,24.5,2.58,7.16,5.8,0.0436,0.0238,43.15,39.5,0,0.04
HES04,1,6.271,584,584,180.824,29.02,64.1,87.704,51.5,48.5,177,89.6,186,90.5,36.84,90.22,3.175,12.7,97.9,85.2,285.0,137.0,137,160,177,204,285,186,95.5,1.9,1.2,0.7,3.48,17.45,13.1,1.09,5.5,4.12,0.0497,0.0244,44.81,38.64,0,0.045
OCM08,1,6.083,498,498,173.453,24.935,56.939,91.58,47.2,52.8,180,89.9,194,91.2,61.24,90.51,5.244,21.9,101.3,79.5,348.6,98.4,98,153,180,225,349,194,93.4,4.8,0.0,4.8,8.67,28.63,22.55,1.65,5.46,4.3,0.0501,0.0293,51.73,47.74,0,0.04
UPS15,1,5.984,610,610,172.613,36.095,65.85,70.668,59.06,40.94,264,96.5,279,97.5,66.468,97.11,3.847,15.2,105.5,90.4,444.2,185.0,185,230,264,323,444,279,85.7,9.5,5.6,4.1,12.98,27.45,22.33,3.37,7.14,5.8,0.0592,0.0292,48.92,41.71,0,0.05
LOR08,1,5.53,606,606,179.758,35.74,73.835,70.183,60.96,39.04,246,95.3,258,96.1,64.09,95.8,4.26,16.6,103.7,87.2,400.3,153.7,154,210,246,300,400,258,88.0,8.1,4.6,3.5,11.49,24.41,20.2,2.7,5.73,4.74,0.059,0.0357,53.46,45.01,0,0.05
GRE10,1,6.263,636,636,179.652,33.58,67.97,78.102,56.53,43.47,282,97.7,294,98.4,74.04,98.03,4.171,15.7,106.4,90.6,466.1,187.9,188,240,282,340,466,294,93.4,4.1,3.0,1.1,6.8,25.39,19.24,1.63,6.09,4.61,0.0528,0.0286,44.91,37.85,0,0.045
PES08,1,5.951,544,544,178.645,30.61,60.8,87.235,51.17,48.83,163,88.2,172,89.1,38.298,88.84,3.599,13.5,96.6,83.2,265.7,122.0,122,142,163,194,266,172,91.5,4.6,2.8,1.8,6.28,18.73,14.56,1.74,5.2,4.04,0.0563,0.033,49.37,43.35,0,0.045
BFC04,1,6.252,607,607,166.382,33.32,63.768,69.295,58.35,41.65,265,96.6,276,97.3,59.727,96.98,3.563,13.6,104.5,90.9,418.0,190.8,191,227,265,315,418,276,90.6,5.6,4.6,1.0,8.41,24.94,19.26,2.36,7.0,5.41,0.0549,0.0279,47.54,42.74,0,0.05
LDV05,1,6.062,626,626,178.929,36.42,66.85,75.659,57.72,42.28,254,95.8,268,96.8,53.755,96.49,3.193,13.1,104.4,91.3,415.5,195.0,195,229,254,297,415,268,93.0,3.0,1.9,1.3,5.22,23.46,17.03,1.64,7.35,5.33,0.0582,0.0326,43.08,37.02,0,0.05
LRE10,1,6.638,491,491,174.693,22.02,51.95,100.723,42.34,57.66,136,85.0,142,85.8,30.587,85.47,3.543,13.7,92.9,79.2,213.9,97.0,97,120,136,158,214,142,97.8,0.6,0.2,0.4,1.78,16.09,11.83,0.5,4.54,3.34,0.0448,0.028,50.63,47.41,0,0.04
CFE10,1,5.374,502,502,175.248,35.14,58.27,81.838,53.3,46.7,170,88.9,167,88.6,38.07,88.11,4.133,16.6,95.7,79.0,251.0,96.0,96,140,170,190,251,167,93.4,1.8,1.0,0.8,2.85,13.49,9.49,0.69,3.26,2.3,0.07,0.0713,57.66,51.06,0,0.05
BRE01,1,5.94,536,536,179.058,31.57,58.66,88.828,50.39,49.61,188,90.7,195,91.3,55.438,90.65,4.814,18.8,100.2,81.4,325.4,110.0,110,153,188,228,325,195,86.2,8.0,3.0,5.0,11.55,24.78,20.15,2.4,5.15,4.19,0.0589,0.0391,59.5,51.76,0,0.05
POF03,1,5.904,616,616,180.004,33.815,70.525,75.664,57.97,42.03,159,87.8,167,88.6,41.602,88.18,4.189,16.3,97.0,80.7,271.0,106.0,106,135,159,193,271,167,93.3,3.6,1.9,1.6,5.34,27.15,20.08,1.27,6.48,4.79,0.0549,0.041,48.07,39.77,0,0.045
SPC02,1,6.187,661,661,168.874,34.585,72.25,62.039,63.26,36.74,227,93.9,233,94.3,33.392,94.16,2.36,9.9,99.8,89.8,318.0,179.0,179,210,227,250,318,233,94.1,1.8,0.6,1.2,3.91,14.43,11.02,1.66,6.11,4.67,0.0523,0.0245,44.99,36.43,0,0.05
BRE13,1,6.291,672,672,180.489,35.275,71.545,73.669,59.18,40.82,157,87.5,165,88.4,40.446,88.02,4.072,15.9,96.7,80.7,266.2,106.0,106,136,157,188,266,165,93.2,3.7,2.8,0.9,6.07,29.37,21.67,1.49,7.21,5.32,0.0525,0.0294,47.76,40.87,0,0.045
NOR10,1,5.935,446,446,187.438,28.93,46.22,112.288,40.09,59.91,141,85.7,150,86.8,42.511,86.32,4.41,17.3,96.0,78.7,255.6,94.0,94,121,141,170,256,150,90.4,5.6,1.8,4.0,6.84,19.85,14.84,1.55,4.5,3.37,0.0649,0.0569,53.45,51.08,0,0.05
OCM06,1,5.911,631,631,178.915,35.185,71.565,72.165,59.67,40.33,246,95.3,255,95.9,55.376,95.64,3.64,14.1,103.2,89.0,387.0,171.0,171,213,246,288,387,255,92.1,4.8,1.3,3.5,6.36,23.56,17.89,1.75,6.47,4.92,0.0558,0.0295,45.02,36.15,0,0.05
SOU12,1,6.159,526,526,169.147,29.195,56.21,83.742,50.49,49.51,206,92.2,209,92.5,32.127,92.4,2.643,10.5,97.5,87.0,278.5,152.1,152,185,206,230,278,209,92.6,2.7,0.8,1.9,4.9,15.35,11.78,1.85,5.81,4.46,0.0555,0.028,55.08,40.4,0,0.05
PES09,1,6.085,618,618,174.388,30.01,71.548,72.83,58.24,41.76,135,84.9,146,86.3,37.394,85.81,4.125,16.3,95.1,78.8,243.6,95.0,95,118,135,168,244,146,93.4,5.0,3.4,1.6,7.12,26.97,21.1,1.73,6.54,5.12,0.0486,0.0234,42.94,37.74,0,0.045
UPS06,1,5.689,583,583,173.594,37.98,64.5,71.114,59.03,40.97,243,95.1,247,95.4,54.039,95.01,3.684,14.8,102.3,87.5,369.2,157.0,157,208,243,278,369,247,89.4,5.0,2.2,2.9,6.98,19.49,14.86,1.9,5.29,4.03,0.0651,0.0354,47.94,40.31,0,0.06
SOU04,1,6.599,582,582,178.663,30.715,57.475,90.473,49.36,50.64,258,96.2,279,97.5,74.46,96.98,4.395,15.3,105.6,90.4,447.0,185.0,185,218,258,326,447,279,91.8,5.8,4.5,1.4,8.54,35.92,26.38,1.94,8.17,6.0,0.0528,0.0234,44.84,37.02,0,0.05
BRE05,1,6.667,588,588,178.851,26.795,61.395,90.661,49.31,50.69,148,86.5,154,87.2,41.966,86.67,4.662,17.9,96.0,78.1,256.0,91.0,91,122,148,181,256,154,92.7,4.9,2.2,2.7,7.77,29.57,22.94,1.67,6.34,4.92,0.0456,0.0238,48.5,47.13,0,0.04
CVL01,1,5.969,464,464,157.114,27.74,50.0,79.375,49.48,50.52,237,94.7,246,95.3,51.031,94.98,3.444,14.4,102.5,88.1,371.9,162.0,162,210,237,274,372,246,91.4,5.2,3.7,1.5,6.86,22.37,16.84,1.99,6.49,4.89,0.0598,0.0271,44.68,36.11,0,0.055
CFE05,1,5.895,583,583,180.922,33.86,65.03,82.032,54.66,45.34,257,96.1,270,96.9,68.206,96.41,3.996,16.6,105.4,88.8,441.4,169.0,169,221,257,305,441,270,94.0,2.4,1.2,1.4,4.44,22.25,16.15,1.11,5.57,4.04,0.0581,0.0354,52.5,42.64,0,0.05
HES01,1,5.698,490,490,155.985,29.82,56.18,69.985,55.13,44.87,242,95.0,249,95.5,50.775,95.14,3.315,13.1,102.4,89.3,369.8,174.0,174,209,242,278,370,249,89.8,4.7,3.1,1.6,7.32,18.13,14.38,2.21,5.47,4.34,0.0609,0.0369,53.08,46.17,0,0.05
BOD09,1,6.542,695,695,180.479,35.18,71.05,74.249,58.86,41.14,257,96.1,264,96.5,51.725,96.27,3.3,13.3,103.0,89.7,383.0,177.6,178,225,257,297,383,264,96.0,2.0,0.7,1.3,3.25,16.7,12.24,0.98,5.06,3.71,0.0506,0.0247,41.75,33.95,0,0.045
UPL01,1,5.62,533,533,161.635,31.015,63.82,66.8,58.67,41.33,220,93.4,228,94.0,38.13,93.79,2.735,11.2,100.6,89.4,334.0,174.8,175,201,220,249,334,228,94.6,3.0,1.1,1.9,3.81,11.57,9.04,1.39,4.23,3.3,0.0582,0.0278,51.02,41.76,0,0.05
BRE14,1,6.004,561,561,167.375,31.555,61.88,73.94,55.82,44.18,243,95.1,253,95.8,58.575,95.4,3.917,15.0,102.8,87.8,379.2,159.8,160,208,243,291,379,253,90.4,5.2,3.0,2.1,7.83,23.51,18.22,2.0,6.0,4.65,0.0562,0.0318,46.64,40.31,0,0.05
OCM14,1,6.205,590,590,176.901,31.46,63.621,81.82,53.75,46.25,150,86.7,159,87.8,39.404,87.46,4.147,16.9,96.1,79.2,257.7,97.0,97,130,150,185,258,159,91.0,5.1,1.5,3.6,7.91,21.91,17.28,1.91,5.28,4.17,0.0533,0.0324,48.24,41.11,0,0.045
NOR02,1,5.975,563,563,172.878,32.815,61.408,78.655,54.5,45.5,245,95.2,259,96.2,56.653,95.82,3.446,13.4,104.2,90.7,411.0,189.0,189,219,245,283,411,259,93.1,3.6,1.2,2.3,4.83,21.18,15.49,1.4,6.15,4.49,0.0583,0.0348,48.28,42.12,0,0.05
BFC03,1,5.699,424,424,150.517,25.085,49.32,76.112,49.43,50.57,279,97.5,292,98.3,67.665,97.92,3.822,14.4,105.7,91.3,449.5,195.5,195,242,279,332,450,292,85.1,10.6,8.5,2.4,13.13,24.72,20.81,3.43,6.47,5.45,0.0592,0.0302,49.76,38.2,0,0.055
SPC05,1,6.261,637,637,169.959,34.49,67.245,68.224,59.86,40.14,131,84.4,138,85.3,35.384,84.83,4.27,17.8,94.3,76.5,232.0,83.0,83,113,131,158,232,138,88.2,6.4,4.6,1.9,11.04,31.98,24.88,2.59,7.49,5.83,0.0541,0.0285,50.95,42.6,0,0.045
SPC11,1,5.107,576,576,178.874,43.305,69.48,66.089,63.05,36.95,249,95.5,264,96.5,58.77,96.17,3.593,14.6,104.3,89.7,413.0,177.5,178,223,249,298,413,264,83.3,11.8,5.9,5.9,11.9,18.16,15.76,3.31,5.05,4.39,0.0752,0.0386,49.17,39.5,0,0.07
CFE08,1,6.076,529,529,177.823,30.825,56.24,90.758,48.96,51.04,235,94.5,246,95.3,56.754,94.8,3.837,14.9,102.9,88.0,381.3,161.3,161,202,235,279,381,246,92.1,3.2,1.5,1.7,5.45,24.33,17.64,1.42,6.34,4.6,0.0583,0.0364,52.33,43.82,0,0.05
SOU06,1,5.868,732,732,178.068,40.005,84.73,53.333,70.05,29.95,276,97.3,280,97.5,58.846,97.26,3.698,13.7,103.6,89.9,397.0,180.0,180,232,276,325,397,280,93.0,4.5,1.9,2.7,6.31,25.33,19.23,1.71,6.85,5.2,0.0547,0.0257,47.88,34.47,0,0.05
SEN02,1,11.63,127,121,166.546,4.06,6.86,155.626,6.56,93.44,173,89.2,189,90.8,62.952,90.12,4.558,23.6,106.9,83.3,480.6,123.0,123,152,173,207,481,189,97.6,1.6,0.8,0.8,3.12,25.46,17.15,0.68,5.59,3.76,0.032,0.0284,41.76,42.1,0,0.025
UCA06,1,5.9,492,492,163.457,28.7,54.695,80.063,51.02,48.98,155,87.3,158,87.6,22.787,87.51,2.351,10.2,92.7,82.5,211.8,117.2,117,141,155,171,212,158,88.4,6.9,6.1,1.0,9.8,14.24,12.71,4.17,6.06,5.41,0.0583,0.0391,51.81,43.03,0,0.05
LRE11,1,6.367,531,531,178.568,27.335,56.06,95.173,46.7,53.3,177,89.6,190,90.8,52.735,90.29,4.602,16.6,99.6,83.1,316.0,121.5,121,147,177,222,316,190,91.5,5.3,3.2,2.1,7.63,27.38,20.91,1.66,5.95,4.54,0.0515,0.0302,49.35,51.19,0,0.045
UPS14,1,6.653,569,569,176.471,29.685,55.84,90.946,48.46,51.54,202,91.9,216,93.1,56.291,92.58,4.196,15.7,102.0,86.3,361.2,146.3,146,174,202,244,361,216,90.2,7.4,5.3,2.1,11.34,33.18,25.6,2.7,7.91,6.1,0.0522,0.029,44.23,41.06,0,0.045
UPL02,1,6.315,550,550,163.854,27.04,60.06,76.754,53.16,46.84,227,93.9,237,94.7,51.595,94.38,3.603,14.4,102.3,87.9,368.0,160.0,160,201,227,264,368,237,93.8,3.8,2.4,1.6,6.94,22.25,17.49,1.93,6.17,4.86,0.0492,0.0283,47.08,38.38,0,0.04
LDV10,1,5.815,629,629,176.659,35.885,72.28,68.494,61.23,38.77,132,84.5,139,85.5,32.206,85.11,3.642,13.9,93.5,79.6,221.3,99.0,99,116,132,154,221,139,90.9,5.4,4.3,1.3,7.56,23.03,17.9,2.07,6.32,4.91,0.0571,0.0305,48.33,41.58,0,0.05
